Augmentation Rate,Human 1,Human 2,Human 3,Human 4
0.0,1.0,1.0,1.0,1.0
0.1,0.6944444444444445,0.4166666666666667,0.5833333333333334,0.7916666666666666
0.2,0.4222222222222222,0.16666666666666666,0.2333333333333333,0.5833333333333334
0.3,0.19999999999999998,0.03333333333333333,0.08333333333333333,0.15
0.4,0.09999999999999999,0.0,0.0,0.0
0.5,0.03333333333333333,0.0,0.0,0.0
0.6,0.0,0.0,0.0,0.0
0.7,0.0,0.0,0.0,0.0
0.8,0.0,0.0,0.0,0.0
0.9,0.0,0.0,0.0,0.0
1.0,0.0,0.0,0.0,0.0
